<?xml version="1.0" encoding="UTF-8"?>
<!DOCTYPE mapper
  PUBLIC "-//mybatis.org//DTD Mapper 3.0//EN"
  "http://mybatis.org/dtd/mybatis-3-mapper.dtd">
  <mapper namespace="com.koreait.mapper.CommunityMapper">
  
  	<sql id="criteria">
		<if test="keyword != null and type != null">
			<trim prefixOverrides="OR" prefix="(" suffix=") AND">
				<foreach item="type" collection="typeArr"><!-- getTypeArr() -->
					<trim prefix="OR">
						<choose>
							<when test="type=='T'.toString()">
								(BOARD_TITLE LIKE '%'||#{keyword}||'%')
							</when>
							<when test="type=='C'.toString()">
								(BOARD_CONTENT LIKE '%'||#{keyword}||'%')
							</when>
							<when test="type=='W'.toString()">
								(BOARD_WRITER LIKE '%'||#{keyword}||'%')
							</when>
						</choose>
					</trim>
				</foreach>
			</trim>
		</if>
	</sql>
  
  <select id="login" resultType="com.koreait.domain.UserDTO">
  	SELECT * FROM USER_TBL WHERE USER_ID =#{user_id} AND USER_PW =#{user_pw}
  </select>
 
		<select id="read" resultType="com.koreait.domain.BoardDTO">
		SELECT * FROM COMMUNITY_BOARD_TABLE WHERE BOARD_NUMBER=#{BOARD_NUMBER}	
	</select> 
	
	<!-- 게시판 조회 -->
	<select id="listPage" resultType="com.koreait.domain.BoardDTO" parameterType="com.koreait.domain.SearchCriteria">
		SELECT BOARD_NUMBER,
				BOARD_TITLE,
				BOARD_CONTENT,
				BOARD_WRITER,
				BOARD_DATE,
				BOARD_VIEWS,
				BOARD_AREA
			FROM(
				SELECT BOARD_NUMBER,
						BOARD_TITLE,
						BOARD_CONTENT,
						BOARD_WRITER,
						BOARD_DATE,
						BOARD_VIEWS,
						BOARD_AREA,
						ROW_NUMBER() OVER(ORDER BY BOARD_NUMBER DESC) AS RNUM
					FROM COMMUNITY_BOARD_TABLE
					WHERE 1=1
					<include refid="search"></include>
					)
						WHERE BOARD_AREA=#{user_area} AND (RNUM BETWEEN #{rowStart} AND #{rowEnd})
						ORDER BY BOARD_NUMBER DESC
			
	</select>  
	
	<select id="listCount" resultType="int" parameterType="com.koreait.domain.SearchCriteria">
		SELECT COUNT(BOARD_NUMBER)
		FROM COMMUNITY_BOARD_TABLE
		WHERE 1=1
		<include refid="search"></include>
		AND BOARD_NUMBER>0 AND BOARD_AREA =#{user_area}
	</select>
	
	<sql id="search">
		<if test="searchType != null">
			<if test="searchType == 't'.toString()">AND BOARD_TITLE LIKE '%' || #{keyword} || '%'</if>
			<if test="searchType == 'c'.toString()">AND BOARD_CONTENT LIKE '%' || #{keyword} || '%'</if>
			<if test="searchType == 'w'.toString()">AND BOARD_WRITER LIKE '%' || #{keyword} || '%'</if>
			<if test="searchType == 'tc'.toString()">AND (BOARD_TITLE LIKE '%' || #{keyword} || '%') or (BOARD_CONTENT LIKE '%' || #{keyword} || '%')</if>
		</if>
	</sql>

	
  <!-- 조회수 증가 -->
  <update id="updateViews">
  	UPDATE COMMUNITY_BOARD_TABLE SET BOARD_VIEWS = BOARD_VIEWS + 1 WHERE BOARD_NUMBER=#{BOARD_NUMBER}
  </update>
  
  <!-- 게시판 삭제, 같이 업로드된 파일은 삭제하지 않는다. -->
  <delete id="deleteView">
  	DELETE FROM COMMUNITY_BOARD_TABLE WHERE BOARD_NUMBER=#{BOARD_NUMBER}
  </delete>
  
  <!-- 게시판 글 작성 -->
  <insert id="insertBoard" parameterType="com.koreait.domain.BoardDTO" useGeneratedKeys="true" keyProperty="BOARD_NUMBER">
  	<selectKey keyProperty="BOARD_NUMBER" resultType="long" order="BEFORE">
  		SELECT COMMUNITY_BOARD_SEQ.NEXTVAL FROM DUAL
  	</selectKey>
  	INSERT INTO COMMUNITY_BOARD_TABLE(BOARD_NUMBER
  										,BOARD_TITLE
  										,BOARD_CONTENT
  										,BOARD_WRITER
  										,BOARD_DATE
  										,BOARD_VIEWS
  										,BOARD_AREA)
  									VALUES(#{BOARD_NUMBER}
  											,#{BOARD_TITLE}
  											,#{BOARD_CONTENT}
  											,#{BOARD_WRITER}
  											,SYSDATE
  											,0
  											,#{BOARD_AREA}
  											)
  </insert>
  
  <!--  게시판 파일 업로드 -->
  <insert id="insertFile" parameterType="hashMap">
  		INSERT INTO COMMUNITY_FILE(
  				FILE_NO,
  				BNO,
  				ORG_FILE_NAME,
  				STORED_FILE_NAME,
  				FILE_SIZE  				
  		)VALUES(
  			SEQ_COMMUNITY_FILE_NO.NEXTVAL,
  			#{BNO},
  			#{ORG_FILE_NAME},
  			#{STORED_FILE_NAME},
  			#{FILE_SIZE}
  		)
  </insert>
  
  <!-- 업로드된 파일 조회 , 게시판 조회할 때 같이 실행된다.-->
  <select id="selectFileList" parameterType="int" resultType="hashMap">
  	SELECT FILE_NO,
  			ORG_FILE_NAME,
  			ROUND(FILE_SIZE/1024,1) AS FILE_SIZE
  			FROM COMMUNITY_FILE
  			WHERE BNO = #{BOARD_NUMBER}
  			AND DEL_GB= 'N'
  			ORDER BY FILE_NO ASC
  </select>
  
  <!--  업로드된 첨부파일 다운로드 -->
  <select id="selectFileInfo" parameterType="hashMap" resultType="hashMap">
  	SELECT
  		STORED_FILE_NAME,
  		ORG_FILE_NAME
  	FROM COMMUNITY_FILE
  	WHERE FILE_NO = #{FILE_NO}
  </select>
  
  
  <update id="update" parameterType="com.koreait.domain.BoardDTO">
  	UPDATE COMMUNITY_BOARD_TABLE
  		SET BOARD_TITLE = #{BOARD_TITLE},
  			BOARD_CONTENT = #{BOARD_CONTENT}
  		WHERE BOARD_NUMBER= #{BOARD_NUMBER}
  </update>
  
  
<delete id="deleteFile" parameterType="long">
	delete from COMMUNITY_FILE WHERE BNO = #{BOARD_NUMBER}
</delete>
  
  <!-- 댓글 조회 -->
  <select id="readReply" resultType="com.koreait.domain.CommunityReplyDTO">
  	SELECT
  		RNO, CONTENT, WRITER, REGDATE
  		FROM COMMUNITY_REPLY
  		WHERE BNO = #{bno}
  
  </select>
  
     <!-- 댓글 작성 -->
	<insert id="writeReply">
	INSERT INTO COMMUNITY_REPLY(
		BNO
		,RNO
		,CONTENT
		,WRITER
	
				)
				VALUES(#{bno}
					,COMMUNITY_REPLY_SEQ.NEXTVAL
					,#{content}
					,#{writer})
	</insert>
  
	<!--  댓글 수정 -->
	<update id="updateReply" parameterType="com.koreait.domain.CommunityReplyDTO">
		UPDATE COMMUNITY_REPLY SET CONTENT =#{content}
		WHERE RNO = #{rno}
	</update>
	

<!-- 댓글 삭제 -->
	<delete id="deleteReply">
		DELETE FROM COMMUNITY_REPLY
		WHERE RNO = #{rno}
	</delete>
  </mapper>