<?xml version="1.0" encoding="UTF-8"?>
<!DOCTYPE mapper
  PUBLIC "-//mybatis.org//DTD Mapper 3.0//EN"
  "http://mybatis.org/dtd/mybatis-3-mapper.dtd">
<mapper namespace="com.koreait.mapper.InformationMapper">
<!-- 정보 게시판 -->

<!-- 정보 게시판 글 작성 -->
	<insert id="insert" parameterType="com.koreait.domain.InformationBoardDTO" useGeneratedKeys="true" keyProperty="BOARD_NUMBER">
	  	<selectKey keyProperty="BOARD_NUMBER" resultType="long" order="BEFORE">
  		SELECT INFORMATION_BOARD_SEQ.NEXTVAL FROM DUAL
  	</selectKey>
		INSERT INTO INFORMATION_BOARD_TABLE(
			BOARD_NUMBER
  			,BOARD_TITLE
  			,BOARD_CONTENT
  			,BOARD_WRITER
  			,BOARD_DATE
  			,BOARD_VIEWS
  			,BOARD_AREA
  			,BOARD_TYPE
		)VALUES(
			#{BOARD_NUMBER}
			,#{BOARD_TITLE}
			,#{BOARD_CONTENT}
			,#{BOARD_WRITER}
			,SYSDATE
			,0
			,#{BOARD_AREA}
			,#{BOARD_TYPE}
		)
	</insert>
	
	<!-- 게시판 조회 -->
	<select id="listPage" resultType="com.koreait.domain.InformationBoardDTO" parameterType="com.koreait.domain.SearchCriteria">
		SELECT BOARD_NUMBER,
				BOARD_TITLE,
				BOARD_CONTENT,
				BOARD_WRITER,
				BOARD_DATE,
				BOARD_VIEWS,
				BOARD_AREA,
				BOARD_TYPE
			FROM(
				SELECT BOARD_NUMBER,
						BOARD_TITLE,
						BOARD_CONTENT,
						BOARD_WRITER,
						BOARD_DATE,
						BOARD_VIEWS,
						BOARD_AREA,
						BOARD_TYPE,
						ROW_NUMBER() OVER(ORDER BY BOARD_NUMBER DESC) AS RNUM
					FROM INFORMATION_BOARD_TABLE
					WHERE 1=1
					<include refid="search"></include>
					)
						WHERE BOARD_AREA=#{user_area} AND (RNUM BETWEEN #{rowStart} AND #{rowEnd})
						ORDER BY BOARD_NUMBER DESC
			
	</select>
	
		<!-- 정보 게시판 보기 -->
	<select id="read" parameterType="Long" resultType="com.koreait.domain.InformationBoardDTO">
			SELECT * FROM INFORMATION_BOARD_TABLE WHERE BOARD_NUMBER=#{BOARD_NUMBER}	
	</select>
	
	<!-- 정보 게시판 수정 -->
	<update id="update" parameterType="com.koreait.domain.InformationBoardDTO">
		UPDATE INFORMATION_BOARD_TABLE
			SET BOARD_TITLE=#{BOARD_TITLE},
				BOARD_CONTENT=#{BOARD_CONTENT},
				BOARD_TYPE =#{BOARD_TYPE}
			WHERE BOARD_NUMBER =#{BOARD_NUMBER}		
	</update>
	
	<!-- 정보 게시판 삭제 -->
	<delete id="delete" parameterType="Long">
		DELETE
			FROM INFORMATION_BOARD_TABLE
			WHERE BOARD_NUMBER =#{BOARD_NUMBER}
	</delete>
	
		
	  <!-- 조회수 증가 -->
  <update id="updateViews">
  	UPDATE INFORMATION_BOARD_TABLE SET BOARD_VIEWS = BOARD_VIEWS + 1 WHERE BOARD_NUMBER=#{BOARD_NUMBER}
  </update>
  
  	<!-- 게시글 총 갯수  -->
	<select id="listCount" resultType="int" parameterType="com.koreait.domain.SearchCriteria">
	
		SELECT COUNT(BOARD_NUMBER)
		FROM INFORMATION_BOARD_TABLE
		WHERE 1=1
		<include refid="search"></include> 
		AND BOARD_NUMBER>0 AND BOARD_AREA =#{user_area}
	</select>

	<sql id="search">
		<if test="searchType != null">
			<if test="searchType == 't'.toString()">AND BOARD_TITLE LIKE '%' || #{keyword} || '%'</if>
			<if test="searchType == 'c'.toString()">AND BOARD_CONTENT LIKE '%' || #{keyword} || '%'</if>
			<if test="searchType == 'w'.toString()">AND BOARD_WRITER LIKE '%' || #{keyword} || '%'</if>
			<if test="searchType == 'tc'.toString()">AND (BOARD_TITLE LIKE '%' || #{keyword} || '%') or (BOARD_CONTENT LIKE '%' || #{keyword} || '%')</if>
		</if>
	</sql>
	
	
	  <!-- 댓글 조회 -->
  <select id="readReply" resultType="com.koreait.domain.InformationReplyDTO">
  	SELECT
  		RNO, CONTENT, WRITER, REGDATE
  		FROM INFORMATION_REPLY
  		WHERE BNO = #{bno}
  
  </select>
  
       <!-- 댓글 작성 -->
	<insert id="writeReply">
	INSERT INTO INFORMATION_REPLY(
		BNO
		,RNO
		,CONTENT
		,WRITER
	
				)
				VALUES(#{bno}
					,INFORMATION_REPLY_SEQ.NEXTVAL
					,#{content}
					,#{writer})
	</insert>
	
  
	<!--  댓글 수정 -->
	<update id="updateReply" parameterType="com.koreait.domain.InformationReplyDTO">
		UPDATE INFORMATION_REPLY SET CONTENT =#{content}
		WHERE RNO = #{rno}
	</update>
	

<!-- 댓글 삭제 -->
	<delete id="deleteReply">
		DELETE FROM INFORMATION_REPLY
		WHERE RNO = #{rno}
	</delete>
	
	  <!--  게시판 파일 업로드 -->
  <insert id="insertFile" parameterType="hashMap">
  		INSERT INTO INFORMATION_FILE(
  				FILE_NO,
  				BNO,
  				ORG_FILE_NAME,
  				STORED_FILE_NAME,
  				FILE_SIZE  				
  		)VALUES(
  			SEQ_INFORMATION_FILE_NO.NEXTVAL,
  			#{BNO},
  			#{ORG_FILE_NAME},
  			#{STORED_FILE_NAME},
  			#{FILE_SIZE}
  		)
  </insert>
  
	<!-- 업로드된 파일 조회 , 게시판 조회할 때 같이 실행된다.-->
  <select id="selectFileList" parameterType="int" resultType="hashMap">
  	SELECT FILE_NO,
  			ORG_FILE_NAME,
  			ROUND(FILE_SIZE/1024,1) AS FILE_SIZE
  			FROM INFORMATION_FILE
  			WHERE BNO = #{BOARD_NUMBER}
  			AND DEL_GB= 'N'
  			ORDER BY FILE_NO ASC
  </select>
  
    <!--  업로드된 첨부파일 다운로드 -->
  <select id="selectFileInfo" parameterType="hashMap" resultType="hashMap">
  	SELECT
  		STORED_FILE_NAME,
  		ORG_FILE_NAME
  	FROM INFORMATION_FILE
  	WHERE FILE_NO = #{FILE_NO}
  </select>
  
  <!-- 업로드한 파일 수정 -->
  <update id="updateFile" parameterType="hashMap">
  	UPDATE INFORMATION_FILE SET
  	DEL_GB = 'Y'
  	WHERE FILE_NO = #{FILE_NO}
  </update>

</mapper>